text,pos,neg
the nbc commissary has  on fountain its little things like that that make my day,0.0,1.0
vanilla is really good with fish tacos,0.0,1.0
just drinkin some  and listening to   its a typical night for me,0.0,1.0
just incredible taste it is hard to believe that zero contains no sugar but it is totally true,0.0,1.0
if this doesnt make you want a vanilla coke zero i dont know what will i should advertise for yall  httptco5ynjnw0,0.0,1.0
ooh rum and pipple juice sounds yummy crown and  here tonight,0.0,1.0
coolest soda fountain touch screen select  and you get all of the flavor choices  httptco1zwlkt5,0.0,1.0
rt         the real deal atl fan at his finest poppafalcon   ff,0.0,1.0
rt  rt        the real deal atl fan at his finest poppafalcon   ff,0.0,1.0
rt        the real deal atl fan at his finest poppafalcon   ff,0.0,1.0
the real deal atl fan at his finest poppafalcon   ff,0.0,1.0
thing better than coca cola certainly not can not live without could you follow me,0.0,1.0
just finished my   it was heaven,0.0,1.0
rt  which of our 106 drinks do you combine with pizza for the perfect friday night dinner,0.0,1.0
good friday from  who i found out this week shares my love of  httpwwwyoutubecomwatchvaawpkzscmxu,0.0,1.0
rt  this video isnt sponsered by  but it should be  httpyoutubemfflu3bxlo unitedgosus,0.0,1.0
this video isnt sponsered by  but it should be  httpyoutubemfflu3bxlo unitedgosus,0.0,1.0
ff amp salute 2,0.0,1.0
well id love to come to utah  yanno to see you not at all for the grape  or anything   p,0.0,1.0
rt  who loves coke zero who loves josh  who loves  because of   i have 130 of you on facebook,0.0,1.0
who loves coke zero who loves josh  who loves  because of   i have 130 of you on facebook,0.0,1.0
rt  everybody follow   its a fan thing for  and   if josh got you into coke follow theyll follow back,0.0,1.0
everybody follow   its a fan thing for  and   if josh got you into coke follow theyll follow back,0.0,1.0
rt  its hug a friend day why not be extra nice and slip that friend a coke zero too,0.0,1.0
you too   think ill have a 2nd  today i really dont care for meetings at 830am,0.0,1.0
coke zero is the best soft drink ive ever drank i drink it almost everyday as a pickmeup thanks,0.0,1.0
i hug myself and reward myself with a delicious coke zero,0.0,1.0
great idea rt  its hug a friend day why not be extra nice and slip that friend a coke zero too,0.0,1.0
i tried this drink a few days ago amp i really enjoyed it it has the kick like the really cocacola wout all the sugars loved it,0.0,1.0
i drink so much  i believe they should sponsor me i will gladly put some  ads all over my car coke,0.0,1.0
like  and ice cream,0.0,1.0
why would i slip my friend a coke zero d i love it too much to share,0.0,1.0
sitting in the back of a fan tilting it to one side with my obesity drinking  and wishing for warmer weather to sweat my fat off,0.0,1.0
as a celeb this would earn me about 5k as a genuine consumer zilch but the fact remains that on a sunny day like this  rocks,0.0,1.0
so now  comes in cherry could life get any better,0.0,1.0
so now  comes on cherry could life get any better,0.0,1.0
rt  so now  comes in cherry could life get any better,0.0,1.0
is this in the uk as well rt  so now  comes in cherry could life get any better,0.0,1.0
it could come in caffeine free,0.0,1.0
big shout out to the good people at  and  for the hook up  and i will enjoy httpplixicomp97068847,0.0,1.0
went down very smooth  chickfila w 3 others http4sqcomjljpte,0.0,1.0
i really really enjoy  tastes more like the real thing,0.0,1.0
about2crack open my first wonderfull heavenly  of the weekits been so longthe bet was2go a week wo cz4winning i got cz,0.0,1.0
i have a craving for   maybe i can steal one from,0.0,1.0
rt  i have a craving for   maybe i can steal one from,0.0,1.0
i honestly love coke zero more than other drink,0.0,1.0
rt  its national honesty day no really we swear,0.0,1.0
please rt 4 hours left to win signed copy of progeny in  giveaway httpbitlyegzyf2,0.0,1.0
and  ive decided i want a kindle instead of an ipad but i need color  please develop a kindle in color  thank u,0.0,1.0
gotta love  s return policy my  stopped working but it was within 90 days so i was able to get a new one thanks,0.0,1.0
so the new adsubsidized  is called quotkindle with special offersquot  creative,0.0,1.0
absolutely loves her  lt3 best early birthday present everrr,0.0,1.0
rt  did you know that you can now shop download and listen to audiobooks right on your  httphtly4bebi,0.0,1.0
fantastic customer service from  again emailed them that the font in the hunger games changes every chapterthey emailed the,0.0,1.0
holding breath on iphone did you know that you can now shop download and listen to audiobooks right on your,0.0,1.0
well since amazon owns you its about time  did you know that now shop dl and listen to audiobooks right on,0.0,1.0
called again and got a great customer service rep who apologized and made things right  we are friends again,0.0,1.0
you need to follow    you find lots of free amp bargain priced books that way,0.0,1.0
can you please please please create some mechanism to delete reviews devoted to a books kindle price,0.0,1.0
must say that the  recomendations are very accurate,0.0,1.0
please bring harrypotter to the amazing kindle lt3,0.0,1.0
perfect rainy day  reading running amp relaxing ilovesaturdays,0.0,1.0
2days perfect day 2 curl up in front of a fireplace amp read my kindle  except that i dont have a fireplace tg 4 my kindle,0.0,1.0
ama amazon rt  did you have that scary finalexam dream again michelle herman explains why in her k httpowly1cdskp,0.0,1.0
ama amazon rt  did you have that scary finalexam dream again michelle herman explains why in her k httpowly1cdskq,0.0,1.0
kindle screen malfunctioned but  is replacing my kindle great great great,0.0,1.0
good discount any discounts coming to the  version,0.0,1.0
ff u are awesome love you all,0.0,1.0
my  battery just died ive had this thing almost a year and thats never happened i love this thing charging now,0.0,1.0
question why is the new charlaine harris quotdeadquot series more  for kindle than it is for the hardback makes zero sense,0.0,1.0
wow great deal  already have mine though  but still great news about the lower price,0.0,1.0
it would be so awesome if  could highlight a quote then tweet it tina feys autobio has sooo many hilarious quotes,0.0,1.0
how awesome is   called support 2x today 1 for my kindle 1 for my sons fantastic attitude amp very helpful ftw,0.0,1.0
rt   features martian summer quotits witty funny offbeatand as expected fascinatingquot read watch video httpbitlygahuc8,0.0,1.0
i wonder if  has plans to add college newspapers to their store im sure  would be down,0.0,1.0
would be great if i could buy an actual book and have it come with a free dl code  makeithappen,0.0,1.0
fridayreads nowreading quotkiss of the highlanderquot the highlander series book 4 by karen marie moning bwo my kindle,0.0,1.0
features martian summer quotits witty funny offbeatand as expected fascinatingquot read watch video httpbitlygahuc8,0.0,1.0
and happy ff to,0.0,1.0
rt  get 80 off today only rt  29900  kindle dx 97quot display free 3g wireless httpamzntogoldboxdeals,0.0,1.0
rt  i just downloaded 3 free  books now if only i had a kindle you should get a nook  theyre much nicer,0.0,1.0
i just downloaded 3 free  books to my computer now if only i had a kindle amazon want to send me one to review,0.0,1.0
followfriday    revolutionary wireless reading device  download books in 60 sec httpbitlyaaff23 ff,0.0,1.0
i am very impressed with   today  mum getting her kindle replace because she was so honest d kindle amazon,0.0,1.0
hialeah alienhair is in all  on 49th st buy1 get 1 free for 599  the worlds 1 gel amp spiking glue  evolve your hair,0.0,1.0
who walks around w an amerflagwatchin  did they get that so fast,0.0,1.0
prepping to hit   stores in loveland and greeley area promoting my busy breathers llc oxygen bags to httpfbmexpzhvzeu,0.0,1.0
mentions on twitter for  httpschmp0spxbs  rt  took a nice walk to walgreens for a poster amp bus pass anywhere,0.0,1.0
mentions for  httpschmp0t37n  rt  some black guy is rapping to himself in the walgreens parking lot free en,0.0,1.0
must admit i like it more than aussie moist which btw naturalhair ladies is on sale   32 oz is less than the 1216 oz bottle,0.0,1.0
im  3631 n central ave hot springs  httpwerwtfc4k,0.0,0.0
im  3631 n central ave hot springs  httpwerwtfc3c 50pts,0.0,0.0
lt giant bottles of aspartame on your shelves  wag  lt your pharmacists are outstanding human beings  bottles of aspartame,0.0,1.0
20 off contact lens orders amp free shipping  httpdldbzyqfz,0.0,1.0
did a great thing today at the nj aids walk so great to be apart of newjersey,0.0,1.0
im sure im not the only one dont you think the washington nationss quotwquot looks like the  w,0.0,1.0
rt  join walk with walgreens  and get a free mp3 when you sign up httphtly4jwx4,0.0,1.0
join walk with walgreens  and get a free mp3 when you sign up httphtly4jwx4,0.0,1.0
how exciting congratulations,0.0,1.0
congrats that is such great news,0.0,1.0
mentions on twitter for  httpschmp0deyga  rt  walking to walgreens on a gorgeous morning,0.0,1.0
hey guys this week   is 40 off great time to try the fitme found new eyeshadow palettes amp stock up on regulars,0.0,1.0
rt  register to walk with walgreens  and get a free mp3 when you sign up httphtly4jwmf,0.0,1.0
register to walk with walgreens  and get a free mp3 when you sign up httphtly4jwmf,0.0,1.0
save 1 on our body cream body mist shower gel and richampcreamy body wash and dr teals epsom salt and foam bath  now thru 528,0.0,1.0
wheres my big flats snowboarding sponsorship i will do sweet ass tricks in walgreens gear in exchange for free big flats thanks,0.0,1.0
this 24hour  woul be much better with parking lot lights httpflickrp9dp9ud,0.0,1.0
2 say thnx 2 ur 202 broad st store in gf ny they are so helpful amp they are gr8ly apprec left walmart madleft u happy,0.0,1.0
if you are curious you can try it free before you buy it  fullfastcom or buy it   or,0.0,1.0
latest buzz for  httpschmp0deygu  rt  getting checked out in walgreens classy lol,0.0,1.0
thank you  pharmacist for the free consultation on the over the counter meds i can take for my head cold,0.0,1.0
renpure organics shampoo 199  free httpfbme10lelw71j,0.0,1.0
now is the time to get a weather radio  try this one  midland all hazards weather alert radio httptcodtjxpb6 via,0.0,1.0
feel better i once waited 45 for an inhaler  is horrible at timely service i switched to  way better,1.0,0.0
thanks  for free magazine subscription with purchase of hubbys heartburn med,0.0,1.0
what is this all about do you know about my walk across america for charity wwwsteptoofarcom ibackbeebs  httptcopjt1xq8,0.0,1.0
getting ready for a 14 hour day  gonna be a great one,0.0,1.0
why does picking updropping off a prescription take a minimum of 30 mins most frustrating experience ever,0.0,1.0
i definitely just scored some free essie nail polish  using coupons,0.0,1.0
more twitter buzz for  httpschmp0spxbn  rt  wish there was a walgreens right where i get off the train nee,0.0,1.0
20 off contact lens orders amp free shipping   httpdldbzyqfz,0.0,1.0
no matter how long i am away the empoyees at the epping nh  still remember my name classic customer service,0.0,1.0
walk with walgreens  and get a free meditation when you sign up httphtly4joms,0.0,1.0
spotted 6  disaster relief vehicles on the road here in birmingham thanks and kudos to the company for their firsthand help,0.0,1.0
will chitown  get makeovers like this httptcoyov8s6x,0.0,1.0
mentioned again httpschmp0uqxs  rt  omg the most beautiful woman just left walgreens inlove,0.0,1.0
terrific online instant photo printing from fb acct amazingly by  cant wait to see if the kids dig flat stanleys adventures,0.0,1.0
please  watch amp donate httpbitlyfqgsq1 follow  support his humanitarian efforts thanks,0.0,1.0
good job  on using the alabama tornados as a marketing ploy im sure saving on insurance will really comfort those affected smh,0.0,1.0
maybe it would be best if you have a heart to heart with  i an sure they will help you in best way possible,0.0,1.0
i wonder if  wants to hand out disney books to children who are victims of natural disasters,0.0,1.0
i really like your work is awesome they are so excellent please follow me many greetings and hugs from indonesia xoxo,0.0,1.0
hey  good hands huh then why have i been on hold for 2 hours just curious,1.0,0.0
i really need to talk to the higher ups and get  to support you cause we put you in good hands,0.0,1.0
contact branae for relief effort assistance at 8004671810 or 2566171409 2564671810,0.0,1.0
just talked to someone  who im pretty sure was a robot notsatisfied,0.0,0.0
what  did with their new quotteddy bear commercialquot was a total dirtification of true free noble capitalism,0.0,1.0
considering what those folks have to go through and now they are a commercial this is not insurance this is insult,0.0,1.0
rt  love the picture rt  not only im advertising  but  as well  httpffimcheka,0.0,1.0
rt  love the picture rt  not only im advertising  but  as well  httpplixicomp97120314 aw,0.0,1.0
love the picture rt  not only im advertising  but  as well  httpffimcheka,0.0,1.0
love the picture rt  not only im advertising  but  as well  httpplixicomp97120314 aw,0.0,1.0
not only im advertising  but  as well  httpplixicomp97120314,0.0,1.0
rt  loved seeing the 80 year flag on the  sign from the 294 on my drive home from work proud to be an allstater in,0.0,1.0
is hosting a free socialmedia panel in chicago w    on 518 rsvp httpbitlygjw9bt,0.0,1.0
rt  got to see who wins     may 12 awards gala tix httpbitlykgbopb,0.0,1.0
now randy from  corporate called  were in an electronic system and he cant reach us but hes going to try  still hopeful,0.0,1.0
got to see who wins     may 12 awards gala tix httpbitlykgbopb,0.0,1.0
love twitter  love  good hands  ellen from corporate called  looks like our house will be able to close,0.0,1.0
its days like today that im glad to have  and accident forgiveness 1st fender bender but my rates wont go up noworries,0.0,1.0
gota love the  commercials,0.0,1.0
just keep me in good hands rt   saw your tweet thanks for the shout out cf,0.0,1.0
thank you erica has already been in touch,0.0,1.0
im not sure if i should be baffled happy or angry but fema assessed my damaged home before  likeagoodneighborwhosoutoftown,1.0,0.0
rt  im not sure if i should be baffled happy or angry but fema assessed my damaged home before  likeagoodneighborwhosoutoftown,1.0,0.0
chicago marketers come to our free socialmedia panel w    on 518 httpbitlygjw9bt please rt,0.0,1.0
rt  chicago marketers come to our free socialmedia panel w    on 518 httpbitlygjw9bt please rt,0.0,1.0
just got my birthday card from my  agent its always so interesting,0.0,1.0
premium insurance ads are so quotallservicequot inspiring that i wonder if  is a front for an escort service wheres my credit card,0.0,1.0
pretty much in love with  they always deliver  no hassle just taking care of business with great reps,0.0,1.0
just talked with keith at my local  agency he figured out how to save me 250year on my car insurance what a champ allstateftw,0.0,1.0
you took good care of me tornado damage from good friday was parked at  wind threw the roof at my car howrude,0.0,1.0
take notes  rt  its time for prom share with your teen 5 tips for safe driving on prom night  httpalstjvfgwr,0.0,1.0
quotit only took a minute to level this townquot ad you stay classy   take a hint from  email apology from last week,0.0,1.0
honestly train your call center a bit more in english comprehension not to be insensitive but huge problem for abnormal issues,1.0,0.0
to follow up  is on the ball what good is a complaint if you cant follow it wpraise when they do good thanks,0.0,1.0
rt  to follow up  is on the ball what good is a complaint if you cant follow it wpraise httpffimcipd7,0.0,1.0
rt  to follow up  is on the ball what good is a complaint if you cant follow it wpraise when they do good thanks,0.0,1.0
rt  called jobus 330 apptmnt and moved it to 3 jobu going to try fastest sales pitch ever or quit and see if pedro give jobu job,0.0,1.0
called jobus 330 apptmnt and moved it to 3 jobu going to try fastest sales pitch ever or quit and see if pedro give jobu job,0.0,1.0
sorry  but   you need to change style of internet options bcuz still like  open the source and ill change it by myself,1.0,0.0
mate bill gates doesnt look after  anymorethe big chief is now steve balmer  xbox,0.0,1.0
httpwwwthepetitionsitecom1protectredsquirrels n64 petition microsoft rare   conker xbox please sign this and pass,0.0,1.0
rt  i shoot panoramas with my  dslr with  photosynth app this experience will reach the masses httpyoutube6bbuppovxqo,0.0,1.0
happy easter everyone,0.0,1.0
wonder why they signed a deal with  then cc,0.0,1.0
wonder what  have planned for the next xbox love to see a six core cpu duel core gpu and they can have those ideas,0.0,1.0
to responsibly disclose vulnerabilities  itproportal  httptinyurlcom3vkq7pq,0.0,1.0
just sat through a session on the new office 2010 amp the new software by microsoft i love it wow one note will save me natcobe,0.0,1.0
dear  how about releasing windows311 free and opensource justbecause cc  httpbitlyfhq1lz,0.0,1.0
dear  how about releasing windows311 free and opensource justbecause cc,0.0,1.0
i cant even pay for the functionality i get for free droid or ios please catch up mozart user,1.0,0.0
somehow i can see  pouncing on the opportunity to show how reliable xboxlive is compared to  playstationnetwork,0.0,1.0
2nd cool  commercial featuring jerry seinfeld and   httpyoutubecomwatchvnnoohfst9lc,0.0,1.0
cool  commercial featuring jerry seinfeld and   httpyoutubecomwatchvimyk29qlsa,0.0,1.0
well i guess im an official windows phone and xbox 360 developer now  hopefully  will put my 99 to good use,0.0,1.0
products are like peanuts by themselves they are near pointless but in the crusher it can make good peanut butter,0.0,0.0
yeah but who uses internet explorer,0.0,1.0
rt  tune in to  for  innovation weekend amp see msft product demos including windowsphone httpbitlymicrosofthsn,0.0,1.0
ie8 doesnt support rounded corners and shadow so i have to do it in ps and save as png meaning 150kb vs 33kb fuck you,1.0,0.0
great job on the photosynth app much better quality than the onenote app glad to see your stepping up your idevice game,0.0,1.0
so classic windows defender just got triggered by  silverlight  httpyfrogcomgy9wnsgj ohtheirony,0.0,1.0
if you include a quotshare via urlquot feature in ios photosynth and drop the silverlight requirement it will be usable,0.0,1.0
hey  let me explain to you how a fucking popup blocker works if i dismiss the quotblockedquot message do not show me the popup,1.0,0.0
tune in to  for  innovation weekend amp see msft product demos including windowsphone httpbitlymicrosofthsn,0.0,1.0
not crazy about ie9 whyd you move tabs whats with the annoying bottom box for every blocked popup yellow bar was better,0.0,0.0
rock   is giving away free certification exams at httpwwwdreamsparkcom time to work on that mcitp certification,0.0,1.0
watch hsn for  innovation weekend amp see msft product demos i work w ppl going onair cant wait httpbitlymicrosofthsn,0.0,1.0
filmed a commercial at our home for photosynth our house at minute 125 glad to see the new iphone release httpbitlygmsfsa,0.0,1.0
my favourite app at moment is  photosynth for capturing panonamic images on iphone its just brilliant amp free,0.0,1.0
xbox360 controller for windows is a godsend wait does that make  a gaming god,0.0,1.0
svg vs canvas great guide by   at httpgooglgbwt0,0.0,1.0
i love how msn contacts are randomly blocked sure know how to fuck with peoples patience,1.0,0.0
fringefriday may ve been renewed thanx 2 productplacement amp sponsorship by   evo4g 4g fordsync galaxytab,0.0,1.0
i wish  popfly was still around great mashup creator before it was axed,0.0,1.0
man who gave us the compact disc dies httpgooglfb0zrnu,0.0,1.0
1st game was star trek on the service bureau  u know now its called cloud computing azure,0.0,1.0
rt  if you havent entered the  big box of awesome sweepstakes what are you waiting forhttponfbmesbboa,0.0,1.0
rt  win a big box of awesome from  prize includes   laptop  360 amp a 46quot tv httponfbmesbboa,0.0,1.0
get rolling with the release of the mango already i am ready to clean it httpwwwmobiletechworldcomtagmicrosoftmango,0.0,1.0
its a quotknown issuequot by  that outlook emails dont send when you hit sendno urgency to fixcant believe they get away with this,1.0,0.0
rt  rt  constant is in nyc for the  predraft party got questions for the players ask here httponfbmehutbek,0.0,0.0
rt  constant is in nyc for the  predraft party got questions for the players ask here httponfbmehutbek,0.0,0.0
constant is in nyc for the  predraft party got questions for the players click the link to ask  httponfbmehutbek,0.0,0.0
this in no way surprises me and i went with  rt  diet coke sidebar i was a serial pasteeater i turned out ok,0.0,0.0
low level of  alert out to find more  httptcow2hxyol,0.0,0.0
i can burp thru my nose,0.0,0.0
drinking  and listening to  what about you guys,0.0,0.0
sipping  while listening to  nowplaying goodmood,0.0,0.0
thanks 4 da shout out bro,0.0,0.0
yesterday was bubblegum flavoring in my  today it was green apple flavoring i need a  closer to me in,0.0,0.0
lots of     being mixed w the captain tonight at  slumberparty  httptwitpiccom4o9r6e,0.0,0.0
my soda with lunch today was  with bubblegum flavoring thank you  for letting me try weird stuff,0.0,0.0
follow me pleasse,0.0,0.0
ff,0.0,0.0
rt   needs to see this rt my new fridge priorities people  httptcofbtghxs,0.0,0.0
needs to see this rt my new fridge priorities people  httptcofbtghxs,0.0,0.0
haha i wish i could use an,0.0,1.0
sitting in the back of a van tilting it to one side with my obesity drinking  and wishing for warmer weather to sweat my fat off,0.0,0.0
dont know how id make it through the day without a  or four,0.0,0.0
check out our   12 draft night premiere video w    more httpyoutubellxoixoebxg,0.0,0.0
im in dire need of some   right now my house is coke free d,0.0,1.0
rt  check out our   12 draft night premiere video w    more httpyoutubellxoixoebxg,0.0,0.0
clinks her  bottle hey im at work,0.0,0.0
lol you drank more water than i did at disneyland if that helps i cheated and drank  only refilled water once,0.0,0.0
listening to  with my  headphones while sipping  nowplaying goodmood,0.0,0.0
it could come in lime flavor too,0.0,0.0
i am still on my first   might be ready for another soon  wakemyassup royalwedding,0.0,0.0
dude  is where its at,0.0,0.0
ff fabulousfriday,0.0,0.0
some of our friends to follow         ff,0.0,0.0
drinking  and designing websites,0.0,0.0
check out our   12 draft night premiere video w    more httpyoutubejzkqoooragm,0.0,0.0
rt  check out our   12 draft night premiere video w    more httpyoutubejzkqoooragm,0.0,0.0
httpwwwyoutubecomwatchvc51fwnuwyms,0.0,0.0
special birthday ff,0.0,0.0
quotauthors sign ebooks electronically  httpnytimsg7qaig    but when you figure it out will i need to buy a new kindle,0.0,0.0
catching up on my  reading  water for elephants before it opens in theaters  justsaying,0.0,0.0
kindle software updated but i dont see the page numbers yet,0.0,0.0
spent my  gift card on new paul simon album and game change for,0.0,0.0
my 1st book for the circus tent full of ghost series will be available 42011 on the,0.0,0.0
episode 9  featuring           httpwwwthebittvepisode9,0.0,0.0
dr tolbert edd httpwwwcfabamericacomschool,0.0,0.0
do you have an amazon twitter page for service delivery,0.0,0.0
you should license it to amazon so that the kindle app would stop downloading its dictionary cc,0.0,0.0
a regular guy goes to mars listen to npr talk httpnprhpstof watch video read more  here httpbitlyetxgk7 space,0.0,0.0
why the amazon kindle tablet will be powered by android  yahoo news httpyhooitduf10r  android tech tablet,0.0,0.0
book geek daily is out httpbitlyhwnisr  top stories today via,0.0,0.0
im going to download warandpeace on my  evo for  as a sleep aid no more need for booze and pills before bed,0.0,0.0
and  need to integrate so i can send my noteshighlights to my goodreads account from the device books technology,0.0,0.0
where can i buy kindle from a store other than amazon,0.0,0.0
i have my copy on   already,0.0,0.0
question can i get college textbooks on my kindle,0.0,0.0
network with amazon kindle  this followfriday httpbitlyaaff23 ff,0.0,0.0
can all books use the read text feature,0.0,0.0
you can do that on the,0.0,0.0
i discovered my 4 pd textbook was available from  last night returned the rental today wasnt sure i still be able,0.0,0.0
goldbox gold box rt  get 80 off today only rt  deal of the day 29900  kindle dx 97quot display f,0.0,0.0
rt     why did you get this over an ipad 2,0.0,0.0
great customer service   broke called them spoke w human being in 30sec amp immediately got shipped a new one,0.0,1.0
why did you get this over an ipad 2,0.0,0.0
watched a bit of quotfreakonomicsquot on  read a sample on  i must buy the book that one is next after quotvintage jesusquot,0.0,0.0
which did you download,0.0,0.0
ff tweeps,0.0,0.0
rt  network with amazon kindle  this followfriday httpbitlyaaff23 ff,0.0,0.0
would if i could,0.0,0.0
check out  httpschmp0slbdp  rt  did i really run outta index cards  now i gotta goto walgreens at least i c,0.0,0.0
im  3247 us highway 9 freehold  httpwerwtfcxu 50pts,0.0,0.0
twitter mentions for  httpschmp0deygd  rt  spent 24 at walgreens saved 28 couponsftw,0.0,0.0
walgreens gets another mention httpschmp0uqxu  rt  at  amazed how cheap walling sticks canes are,0.0,0.0
ha another mention for  httpschmp0cefae  rt  i gotta go pickup my picture at walgreens,0.0,0.0
httpwerwtfbym 50pts,0.0,0.0
ltltlt giant bottles of ko quot diet quot chemistry containing aspartame on your shelves  wag,0.0,0.0
ltltlt giant bottles of aspartame on your shelves  wag,0.0,0.0
ltltlt giant bottles of aspartame on your shelves  wag do you sell over the counter diet supplements,0.0,0.0
ltltlt giant bottles of aspartame on your shelves  wag do you sell diabetic treatments and devices,0.0,0.0
ltltlt i have fotos of giant bottles of aspartame on your shelves ltltlt what is it gonna be gtgtgt  wag,0.0,0.0
latest buzz for  httpschmp0deygc  rt  going on a candy run  but the walgreens on north amp artesian makes me,0.0,0.0
buy 1 get 1 50 off cover girl cosmetics   httpdldbzyqfz,0.0,0.0
httpwerwtfaxi 5pts,0.0,0.0
httpwerwtf9fs 5pts,0.0,0.0
im  1 pondroad plza freehold  httpwerwtf9qi 50pts,0.0,0.0
website isnt working when i try to go to the photo department link worstsundayever,0.0,0.0
the childrens hospital  clinic in aurora sold out of my busy breathers llc oxygen backpack already httpfbmepfo4irdx,0.0,0.0
httpwerwtf8n4 50pts,0.0,0.0
httpwerwtf7hc 50pts,0.0,0.0
walgreens is buzzing again httpschmp0spxbq  rt  the line  is dire cant be helped  i need sudafed stomach bo,0.0,0.0
latest buzz and reviews for  httpschmp0slbdn  rt  omgggg something happened at walgreens  hella cop c,0.0,0.0
httpwerwtf6hs 50pts,0.0,0.0
everyone and their moms look like they buying allergy meds today,0.0,0.0
thanks i think ill try it,0.0,0.0
arizona tea on sale  21 starting tomorrow,0.0,0.0
httpwerwtf4ww 50pts,0.0,0.0
httpwerwtf46i 50pts,0.0,0.0
please god give me this new job so i can quit  and give my manager the finger,0.0,0.0
httpwerwtf3fw 50pts,0.0,0.0
purchased more   httpwerwtf3se 50pts,0.0,0.0
latest buzz for  httpschmp0slbdj  rt  im not an adulti just rode around in a shopping cart at a walgree,0.0,0.0
yes they do,0.0,0.0
really  one pharmacist working today,0.0,0.0
after visiting with prospective students at the stlcop open house ill be visiting the  on lindell to see medicationdisposal,0.0,0.0
httpwerwtf1d2 50pts,0.0,0.0
is buzzing httpschmp0czon  rt    goodnight world,0.0,0.0
httpwerwtf0u0 5pts,0.0,0.0
goodnight world,0.0,0.0
ive spent more time  in the last week than i have at work,0.0,0.0
ahhhaa i take it you got those little fellas,0.0,0.0
moooooooooo  hah i just mooed at walgreens httpwerwtf0d6 50pts,0.0,0.0
what is up with your pet policy varying at different stores,0.0,0.0
rocks got bottles of arm and hammer detergent for 5 httpwerwtezzu 50pts,0.0,0.0
video of the day  httpbitlyfqgsq1 lets act now,0.0,0.0
the digital influence daily is out httpbitlygfzwl4  top stories today via,0.0,0.0
bcuz the  rep said its not physical job the broadcaster never received payout for car accident hit from behind on hghwy,0.0,0.0
why work in conjunction with  when a rep has stated that broadcasting is not a physical job this is tjm livelihood,0.0,0.0
rt  ff followfriday  panel on 512 with      cont httpdecklyigkru,0.0,0.0
rt  ff followfriday  panel on 512 with      cont httpdecklybauyx,0.0,0.0
dear  thanks again for screwing me over amp overdrawing my old bank acct by 160 preciate it,0.0,0.0
twitter friends please consider following   we will be posting mostly from there now  kh,0.0,0.0
ismycallimportant amputee stillonhold pickuppickuppickup holdladyislyingtome,0.0,0.0
6 yrs wfla dfs  agentampagent licensing  workshops on applying maintaining and appointing florida insurance agents,0.0,0.0
usher with akon  arena  may 20 httptcoy4p4nsp via,0.0,0.0
probably not,0.0,0.0
the motorcycle test drive one,0.0,0.0
the christmas tree one where he rolls off the car,0.0,0.0
anybody know a good auto accident lawyer  is trying to jerk me around,0.0,0.0
hey   please dont raise my rates i swear im a good person,0.0,0.0
lt3 dennis haysbert rt  small stuff brings big comfortlike allstates teddy bear we give out in tough times httpalstjntgu4,0.0,0.0
ff followfriday  panel on 512 with       httpbitlykyppj9,0.0,0.0
the census is in is your brand ready  panel on 512 with    httpbitlykyppj9,0.0,0.0
sweetie allstate agent got many calls from  managers in home office after they read the story   oops  not his best day  lol,0.0,0.0
told randy from  that i said at a chicago conference i wrote my 1st book in an allstate both in a sears store the trib quoted me,0.0,0.0
the sdl lsp partners daily is out httpbitlyfrhspz  top stories today via,0.0,0.0
from the  i intvw  ceo thomas wilson questions on floods tornadoes rates their q1 earnings quadrupled before al,0.0,0.0
looking forward to  panel on 512 with      httpbitlykyppj9,0.0,0.0
rt  study says men dont always follow directions plenty of wives couldve told you that gps httpalstjrafix cf,0.0,0.0
thomas wilson  ceo says the time has come for the federal govt to step in and fix how in the insurance httpsoclioi5lydn,0.0,0.0
correction  bathe worste commercials im sorry,0.0,0.0
is looking at my car this morning,0.0,0.0
carriers taking social media beyond branded pages a look at aetnas social game and  use of linkedin httpowly4n9kr,0.0,0.0
hey  stop calling me my auto quote was 150 more a month than what i currently pay,0.0,0.0
who wins in a fight  the most interesting man in the world the  guy or  mayhem adfights notouchingofthehairorface,0.0,0.0
you gota visit this loa club site  httptconzerrrv,0.0,0.0
in light of new idot policy on dooring could you share our site wwwcheckdontwreckcom with il drivers and minimize the mayhem,0.0,0.0
could i interview you 4 blog item im working on about insurance companies and social media do u have a philosophy 4 twitter,0.0,0.0
rt  carriers taking social media beyond branded pages a look at aetnas social game and  use of linkedin httpowly4n9kr,0.0,0.0
selling some insurance today for,0.0,0.0
rt  weekend reading  and  make it official  says come on over and  maps the future httpbitlyh2lood,0.0,0.0
maybe it was an easter metaphor  i can see your halo halo halo,0.0,0.0
sort out your sites now all of them are redirecting to a login page which doesnt work,0.0,0.0
to key tech earnings in week  etf trends  httptinyurlcom3sdg7rc,0.0,0.0
1   2   3   4   5   6   7   8   9   10,0.0,0.0
the photosynth app by  on iphone is bloody brilliant,0.0,0.0
iup its official windows8 will be released in 1year at mostthe folks  are in the quotvision2betaquot developing phase,0.0,0.0
chart do apple   know your every step   australia  httptinyurlcom3pgxmog,0.0,0.0
cloud computing discussed at  innovation day  malta independent online  httptinyurlcom3vkzxw2,0.0,0.0
in this world of fuckups is  with a legit disc of win7 my evga board with an nvidia 590 cont httptlgda1u9bk,0.0,0.0
says it has sold 350m  7 licenses    httptinyurlcom4428ecu,0.0,0.0
get microsoft windows 7 family pack upgrade for 149 httpbitlyakvi1z coupons deals   microsoft httpdldbzxbdk,0.0,0.0
get microsoft windows 7 family pack upgrade for 149 httpbitlyakvi1z coupons deals   microsoft httpdldbzxbbc,0.0,0.0
get microsoft windows 7 family pack upgrade for 149 httpbitlyakvi1z software coupons deals discounts,0.0,0.0
wish  sells  for mac on mac app store all i need is just word not the complete bundle,0.0,0.0
need for speed,0.0,0.0
zevrix batchoutput for  word featured in mactreasurebundle  the open press press release  httptinyurlcom2k6cat,0.0,0.0
in r u bored of regular easter eggs make geeky easter eggs instead  httpowly4fnuy,0.0,0.0
hey tech lover dont miss the httpbitlyleadtechevent  w major tech speakers    may 19th,0.0,0.0
cofounder paul allen on 60 minutes  thestockmasters  httptinyurlcom3kfhlka,0.0,0.0
patients in england may be able to host their phrs with  and  httpbitlyi34i1m am,0.0,0.0
hsn innovation weekend sponsored by   acer computertablet 599 wifi hotspot 150 antivirus 9999 case 2999 total 900,0.0,0.0
doj limits  purchase of novell patents  itworld canada  httptinyurlcom3j37jvo,0.0,0.0
rt   is changing fees for certificaion tests see if you may be affected httpbitlygs9qxh,0.0,0.0
how to make active quotallow a device to connectquot when i use tray blootooh icon on windows7,0.0,0.0
the  kinect is the 1 selling consumer electronic device of all time 8 million units in the first 60 days,0.0,0.0
is changing fees for certificaion tests see if you may be affected httpbitlygs9qxh,0.0,0.0
rt   and  make it official  says come on over and  maps the future httpbitlyh2lood,0.0,0.0
rt  we filled  with wp7dev class today thx  and  for supporting azgroups httptwitpiccom4ojs7y,0.0,0.0
we filled  with wp7dev class today thx  and  for supporting azgroups httptwitpiccom4ojs7y,0.0,0.0
with  at her  event,0.0,0.0
iam back no thanks to hotmail or  if i had been useing it for business i would be bankrupt they hav no phone support becos 3 ser,0.0,0.0
drank soda today and now i cant sleep  damn you caffeine,1.0,0.0
ughhave a diet coke and its practically tasteless need a  asap,1.0,0.0
how does a grocery store have every type of coke except for   wtf,1.0,0.0
rt   youre the only companyproduct where i would work on the barter system and i still think id come out ahead sodaaddict,1.0,0.0
youre the only companyproduct where i would work on the barter system and i still think id come out ahead sodaaddict,1.0,0.0
cautioncokezero addict  coke zero bzzscape  discover share and rate content  imabzzagent httpbitlygpkjy9,1.0,0.0
i  absolutely hate  when i run out needmorecokezero,1.0,0.0
does drinking 64oz of  count as getting my fluids if im trying to get over a cold,1.0,0.0
is there any difference in the ingredients of  and  am confused,1.0,0.0
yeah it was a 2 morning today hard to get going for some reason,1.0,0.0
rt   yeah it was a 2 morning today hard to get going for some reason,1.0,0.0
its the gloomy skiesandits wednesdaygotta make it over the hump,1.0,0.0
rt  for the record i am not only adjusted to the  i actually prefer it to paper books,0.0,1.0
my  is acting weird top bar doesnt show up and there are two white lines,1.0,0.0
when kindle 30 will change its screensaversall the time appears the same ones some are ok some horrible i want new,1.0,0.0
should allow users to send a message to their kindle that would turn on an audible alarm so we can find our lost kindles,1.0,0.0
ebooks that are more expensive than the paper version  ludicrous as this is common my  is becoming useless,1.0,0.0
for the record i am not only adjusted to the  i actually prefer it to paper books,1.0,0.0
the new video for the youtube account of  focuses on the  debating pros and conswith a funny quotweirdlyquot twist,1.0,0.0
my kindle keeps freezing in sleep mode and i have to reset it is this a fault,1.0,0.0
rt  last chance to save 80 on a kindle dx with free 3g and access to over 900000 books deal ends httpbitlyhvaem7,0.0,1.0
rt  get 80 off today only rt  deal of the day 29900  kindle dx 97quot display f httpbitlyhkb2xo,0.0,1.0
i hate when  books are more expensive than the actual physical versions grrrrrrrrr,1.0,0.0
quot ebook sales triple yearoveryear paper books decline in every category httptco6zdbyglquot way to go,1.0,0.0
lefties cant use the dx otherwise id get one,1.0,0.0
thanks to my  i havent left my house all daytalk about unproductive to bad my battery died back to reality,1.0,0.0
rt  last chance save 80 on kindle dx w free 3g  access to 900000 books deal ends at midnight pst httpamzntogoak32,0.0,1.0
kindle dx  rt  last chance to save 80 on a kindle dx with free 3g and ac cont httpdecklyjmmz7,0.0,1.0
dont act too quick  might soon be obsolete httptcoztq9vvz,1.0,0.0
i want to know if in search of lost time feb 4 2011 contains all volumes it cost only 499 but v3 for ex  cost  1199,1.0,0.0
pissed that  cant just credit my order made yesterday for 80 off the dx apparently i have to return it and get a new one,1.0,0.0
rt  get 80 off today only rt  deal of the day 29900  kindle dx 97quot cont httptlgd9s4mkf,1.0,0.0
score   kindle dx for 299 today regularly 379 httpowly4b1ev,1.0,0.0
before i get busy and forget  still reading jane eyre by charlotte bronte fridayreads  publicdomainbooks,1.0,0.0
latest buzz for  httpschmp0t9id  rt  a snap bracelet i swear i get the dumbest things at walgreens,1.0,0.0
at  amazed how cheap walling sticks canes are,1.0,0.0
this bitch has a ankle jail thing on her haha,1.0,0.0
the line  is dire cant be helped  i need sudafed stomach bothering me too,1.0,0.0
really foursquare no points for my checkin to  because my phone didnt think i was nearby i was inside fail gpsfail,1.0,0.0
cashiers at  move slower than shit,1.0,0.0
yes  buyin stuff from the quotgirlyquot section shudda got a pix of shame,1.0,0.0
got 2have sales to show the sharks that i do and shelf space at some  stores wmy bag  sharktank vomit bag or ecomower didnt,1.0,0.0
walking through  singing quotsmoke on the waterquot outloud and the manager told me quotrock onquot fb,1.0,0.0
srsly ridiculous dear  stop hiring disorganizedloopy pharmacists thank you,1.0,0.0
i always forget how i loathe  i dont care how much discomfort im in next time im sucking up the drive to a better pharmacy,1.0,0.0
sux i dont know why i continue to try to get rxs there they never get it right and never admit fault,1.0,0.0
commercials are very boring,1.0,0.0
trying to fix the mess that  made of my accounts  wachovia bank http4sqcomjqhxxk,1.0,0.0
i just switched to  after 10 years with geico for auto insurance  huge mistake  terrible service from their offshore call center,1.0,0.0
anyone else bothered that  had manpower to film commercial in wreckage but i cant get an adjuster to my house fail,1.0,0.0
i heart randy lewis of  catastrophic claims unit who found me an adjuster so house can close and we can move to wa as scheduled,1.0,0.0
you have zero professionality and no tact i hope you pull your quotteddy bear commercialquot  it was highly offensive,1.0,0.0
mayhem rt why use a hedge trimmer when you can use a chainsaw,1.0,0.0
ugh  has the hardest password requirements of any online billpay site i use i end up just resetting my password each time,1.0,0.0
thanks  just want to get to new house  remain hopeful while feeling so bad for all the others with horrible storm losses,1.0,0.0
truly sorry 4 those who lost lives amp homes but if   adjuster doesnt check storm roof in the next week house sale will fall thru,1.0,0.0
just lost a potential customer too long of hold time wo music badbusiness,1.0,0.0
who gives a flying crap what an insurance agent wants,1.0,0.0
does anyone else find it to be in poor taste that  is showing tornado devastation to sell their insurance right now,1.0,0.0
i dont want spam u but please dont ignore me i just wanna say u great amp i love ur job please follow me it would make my day,1.0,0.0
no particular commercial is my favoriteim just a fan,1.0,0.0
tried to go back to  after  pulled a baitandswitch on me but flo decided to quadruple my old policy now with,1.0,0.0
kind of frustrated with   surely im not the only person in the world who wants a multi policy discount in 2 diff statesright,1.0,0.0
fuck you  you didnt give me the update but merely sent me the halo reach disc,1.0,0.0
sony lost alot of money due to their psn being down on easter weekendmadness  totally pwnd this week xbox,1.0,0.0
have to prepare for a   exam n dnt feel like studying damn these stored procs y the hell they hv so diff syntx,1.0,0.0
quot if your drunk should play kinect  quotltagreed,1.0,0.0
slow down processor by ending unneccessary processes,1.0,0.0
amazons cloud burst and what it means to    7 news  httptinyurlcom3z6dz5b,1.0,0.0
apparently half my visits are from ie users seriously considering an ie only screen with a link to chromefirefox,1.0,0.0
i just purchased a copy of the   7 upgrade family pack downloaded installed and told the key is invalid,1.0,0.0
cont or you could just by an ipad and avoid the hassel of anything,1.0,0.0
pretends to feel bad for sonys psn downtime laughs in secret  ubergizmo blog  httptinyurlcom3uoecda,1.0,0.0
goodnees knows what i hav lost due to hotmail failure to reinstate my password  support next to useless,1.0,0.0
